; 結婚の女神ユノ
番号,3960,
名前,Juno
呼び名,Juno
基礎,0,2000
基礎,1,1000
基礎,5,17;HP
基礎,6,24;MP
基礎,ＥＸＰ,20
基礎,ＭＡＧ,50
基礎,￥,10
基礎,10,100

; 覚えてないけどユノになるまでやり直すのめんどいなぁ。追々修正(計93)
基礎,LV,50
基礎,力,11
基礎,知恵,21
基礎,魔力,21
基礎,耐力,16
基礎,速さ,11
基礎,運,13
基礎,CP,10

素質,気丈
素質,プライド高い
素質,貞操観念
素質,痛みに強い
素質,母性
素質,嫉妬
素質,残虐

素質,頭,
;素質,目,
素質,口,
素質,腕,

; オールフラットでは物悲しいので相性捏造
; 物理耐性は無くなり、神精を無効、呪殺を反射、電疾に耐性、火は弱点に。弱点減って耐性も減る
基礎,剣撃,100
基礎,飛具,100
基礎,打撃,100
基礎,戦技,100
基礎,火炎,125
基礎,氷結,125
基礎,電撃,50
基礎,衝撃,125
基礎,神経,0
基礎,精神,0
基礎,破魔,0
基礎,呪殺,999
基礎,地変,125
基礎,水撃,125
基礎,疾風,75
基礎,重力,100
基礎,核熱,100
基礎,万能,100
基礎,サイコ,100

素質,回復
素質,支援
素質,防御
素質,万能

; こっちは特に捏造しない。オラクルあれば生きて行けるさ多分
能力,習得スキル1,532;オラクル
能力,習得LV1,50
能力,習得スキル2,510,;トラエスト(エスケープロードの代わり)
能力,習得LV2,62

能力,種族,40;ペルソナ専用
能力,会話タイプ,306;淑女
能力,属性LD,2;N
能力,属性LC,2;N

能力,攻撃相性,0
能力,最低攻撃回数,1
能力,最大攻撃回数,1
能力,射程,1;射程
能力,攻撃範囲,1

能力,アイテム1,1001
能力,入手確率1,10

フラグ,合体条件有り
フラグ,全書召喚不可
;フラグ,ＣＰ補正,300

CSTR,種族名,Priestess,;女教皇
CSTR,11,I
CSTR,12,貴方

CSTR,30,ローマ神話の女神｡家庭の神であり､6月を司る｡天空神ユピテルの妻であり､夫の浮気を監視している｡
CSTR,31,｢6月の花嫁｣は6月の守護神ユノが家庭の神であることに由来する｡また､出産の守護者ともされ､その場合は｢ユノ･ルキア｣と呼ばれる｡
CSTR,32,ヨーロッパの言語で6月を指す Giugno,Juin,June などはこの神に由来する｡ギリシア神話ではヘラ｡
