”Τ†,1426,
–Ό‘O,Bei Dou Xing Jun,;–k“l―N,
Δ‚Ρ–Ό,Hokuto Seikun,;ƒzƒNƒgƒZƒCƒNƒ“,
ξ‘b,0,2000
ξ‘b,1,2000
ξ‘b,5,17;HP
ξ‘b,6,24;MP
ξ‘b,‚d‚w‚o,25
ξ‘b,‚l‚`‚f,50
ξ‘b,,10
ξ‘b,10,100

ξ‘b,LV,72
ξ‘b,—Ν,10
ξ‘b,’mb,29
ξ‘b,–‚—Ν,30
ξ‘b,‘Ο—Ν,15
ξ‘b,‘¬‚³,17
ξ‘b,‰^,25
ξ‘b,CP,5

‘fΏ,©§S,
‘fΏ,‹Cδ,
‘fΏ,κό‰z‚¦‚Θ‚Ά,
‘fΏ,‰ρ•‘‚Ά
‘fΏ,‰L•q΄,
‘fΏ,—}³,
‘fΏ,β•Η,
‘fΏ,ƒIƒgƒR,
‘fΏ,—βΓ,

‘fΏ,“,
‘fΏ,–Ϊ,
‘fΏ,ϋ,
‘fΏ,r,
‘fΏ,‘«,

ξ‘b,•‚,100
ξ‘b,”ς‹ο,100
ξ‘b,‘Ε‚,100
ξ‘b,ν‹Z,100
ξ‘b,‰Ξ‰,150
ξ‘b,•X‹,-50
ξ‘b,“d‚,999
ξ‘b,Υ‚,125
ξ‘b,_o,125
ξ‘b,Έ_,0
ξ‘b,”j–‚,0
ξ‘b,τE,0
ξ‘b,’n•Ο,50
ξ‘b,…‚,0
ξ‘b,Ύ•—,125
ξ‘b,d—Ν,100
ξ‘b,j”M,150
ξ‘b,–”\,100
ξ‘b,ƒTƒCƒR,100

‘fΏ,‘Ε‚,
‘fΏ,•X‹,
‘fΏ,”j–‚,
‘fΏ,τE,

”\—Ν,ƒXƒLƒ‹1,1308;ƒnƒ}ƒIƒ“
”\—Ν,ƒXƒLƒ‹2,1412;ƒ€ƒhƒIƒ“
”\—Ν,ƒXƒLƒ‹3,2003;ƒƒMƒhƒ‰ƒIƒ“

”\—Ν,K“ΎƒXƒLƒ‹1,810;β‘Ξ—λ“x
”\—Ν,K“ΎLV1,74
”\—Ν,K“ΎƒXƒLƒ‹2,240;”ιE“Λ‚«
”\—Ν,K“ΎLV2,75
”\—Ν,K“ΎƒXƒLƒ‹3,817;‘ε—βE
”\—Ν,K“ΎLV3,78


”\—Ν,ν‘°,15;‹S_
CSTR,ν‘°–Ό,”j‰σ_
”\—Ν,‘®«LD,1;L
”\—Ν,‘®«LC,3;C

”\—Ν,U‚‘«,2
”\—Ν,Ε’αU‚‰ρ”,1
”\—Ν,Ε‘εU‚‰ρ”,1
”\—Ν,Λ’φ,1;Λ’φ
”\—Ν,U‚”ΝΝ,1

”\—Ν,ƒAƒCƒeƒ€1,1004;•σ‹Κ
”\—Ν,“όθm—¦1,10
”\—Ν,ƒAƒCƒeƒ€2,1118;”ιEj
”\—Ν,“όθm—¦2,5

CSTR,11,‰δ
CSTR,12,“π

ƒtƒ‰ƒO,‘Sg•,301;’…•¨
ƒtƒ‰ƒO,‰Ί’…i‰Ίj,604;εμ


;«–‚‰πΰ,
CSTR,30,
CSTR,31,
CSTR,32,
CSTR,33,
CSTR,34,
CSTR,35,
CSTR,36,
CSTR,37,
CSTR,38,
CSTR,39,
