番号,1505,
名前,Indra,
呼び名,Indra,
基礎,0,1900
基礎,1,1400
基礎,5,17;HP
基礎,6,24;MP
基礎,ＥＸＰ,14
基礎,ＭＡＧ,50
基礎,￥,8
基礎,10,100
基礎,LV,37
基礎,力,16
基礎,知恵,14
基礎,魔力,12
基礎,耐力,13
基礎,速さ,10
基礎,運,8
基礎,CP,5

能力,欲望,1
能力,技巧,1

素質,気丈,
素質,好奇心,
素質,解放,
素質,痛みに強い,
素質,習得早い,
素質,絶壁,
素質,回復早い,
素質,鼓舞,
素質,オトコ,
素質,獰猛,

素質,頭
素質,目
素質,口
素質,腕
素質,足
素質,武器

;耐性
;Slash、Gun、Water、呪殺に強い
;Mind、Earth、重力に弱い
;破魔を無効・電撃を吸収・疾風を反射
基礎,剣撃,75
基礎,飛具,75
基礎,打撃,100
基礎,戦技,100
基礎,火炎,100
基礎,氷結,100
基礎,電撃,-100
基礎,衝撃,100
基礎,神経,100
基礎,精神,125
基礎,破魔,0
基礎,呪殺,50
基礎,地変,150
基礎,水撃,75
基礎,疾風,999
基礎,重力,150
基礎,核熱,100
基礎,万能,100
基礎,サイコ,100

;初期所持スキル
能力,スキル1,905;マハ・ジオンガ
能力,スキル2,1602;アクエス
能力,スキル3,1702;ガルーラ
能力,スキル4,12;二段突き

;習得スキル
能力,習得スキル1,1605;マハ・アクエス
能力,習得LV1,39
能力,習得スキル2,1705;マハ・ガルーラ
能力,習得LV2,40
能力,習得スキル3,11;利剣乱舞
能力,習得LV3,42
能力,習得スキル4,912;雷の洗礼
能力,習得LV4,44
能力,習得スキル5,2401;二分の活泉
能力,習得LV5,46

;継承タイプ
素質,剣撃
素質,電撃
素質,疾風

;戦闘能力
能力,攻撃相性,0;Slash
能力,最低攻撃回数,1
能力,最大攻撃回数,1
能力,射程,2;
能力,攻撃範囲,1;

能力,コーディング,8018;光の右手
;倒した時に落とすアイテムと確率
能力,アイテム1,1108;激雷の勾玉,
能力,入手確率1,30
能力,アイテム2,1033;観音神符,
能力,入手確率2,15

;キャラ特性
能力,種族,16;魔神
能力,会話タイプ,317;男・大人(320;男・武人予定)
フラグ,ＴＳ時会話タイプ,311;女・武人
能力,属性LD,1;Light
能力,属性LC,2;Neutral
CSTR,11,I
CSTR,12,貴様

CSTR,相性グループ,ゾロアスター悪神

;服装
フラグ,下衣,215;袴
フラグ,全身服,306;全身鎧
フラグ,下着（下）,604;褌


;悪魔解説
CSTR,30,稲妻Vajraを手にし、雨と雷を思いのままに操るインドの雷神。
CSTR,31,茶褐色の巨躯で、髪や髭は赤く、好色かつ豪放磊落な性格をしている。
CSTR,32,暴風神ルドラを率いて二頭の馬が牽く戦車、後の世には六本の牙を持つ白象アイラーヴァタに騎乗する。
CSTR,33,
CSTR,34,自身に力を与える飲み物である神酒ソーマを深く愛し、それに対する満たされぬ渇望がある。
CSTR,35,水源を握り旱魃を起こす龍、ヴリトラを倒した事でもっとも偉大なる神とされた。
CSTR,36,
CSTR,37,インドラはそうしたヴェーダ神話の時代に於ける神々の王であったが、後のヒンドゥー教の時代になると、
CSTR,38,ヴィシュヌ、シヴァ、ブラフマー三最高神の勢いに押され、次第に劣勢化していった。
CSTR,39,仏教では帝釈天として四天王を配下にし、梵天(ブラフマー)と並び二大護法善神となる。
