番号,961,
名前,Huitzilopochtli,
呼び名,Huitzilopochtli,
基礎,0,1800
基礎,1,1200
基礎,5,17;HP
基礎,6,24;MP
基礎,ＥＸＰ,14
基礎,ＭＡＧ,50
基礎,￥,8
基礎,10,100
基礎,LV,55
基礎,力,20
基礎,知恵,16
基礎,魔力,13
基礎,耐力,19
基礎,速さ,18
基礎,運,14
基礎,CP,5

素質,プライド高い,
素質,自制心,
素質,目立ちたがり,
素質,保守的,
素質,習得早い,
素質,絶壁,
素質,日光浴,
素質,オトコ,
素質,獰猛,

素質,頭,
素質,目,
素質,口,
素質,腕,
素質,足,
素質,武器,
素質,羽,

基礎,剣撃,75
基礎,飛具,150
基礎,打撃,75
基礎,戦技,125
基礎,火炎,0
基礎,氷結,150
基礎,電撃,100
基礎,衝撃,100
基礎,神経,100
基礎,精神,100
基礎,破魔,0
基礎,呪殺,100
基礎,地変,100
基礎,水撃,150
基礎,疾風,100
基礎,重力,100
基礎,核熱,0
基礎,万能,100
基礎,サイコ,100

能力,スキル1,706;マハ・ラギダイン
能力,スキル2,1902;フレイラ
能力,スキル3,4;両腕落とし

能力,習得スキル1,1903;フレイダイン
能力,習得LV1,57
能力,習得スキル2,7;木っ端微塵斬り
能力,習得LV2,59

;魔神2ではケツアルカトルの色違いで龍神だったけど、名前の意味からいけば鳥族なので,,
能力,種族,10;Flight
CSTR,種族名,Avian

素質,戦技,
素質,回復,
素質,核熱,

能力,会話タイプ,318;男･紳士
能力,属性LD,1;Ｌ
能力,属性LC,1;Ｌ

;Skill,,
能力,攻撃相性,0
能力,最低攻撃回数,1
能力,最大攻撃回数,1
能力,射程,1;射程
能力,攻撃範囲,1

能力,アイテム1,1002
能力,入手確率1,10
能力,アイテム2,1104
能力,入手確率2,3

CSTR,11,I
CSTR,12,Human

フラグ,帽子,7;兜
フラグ,全身服,317;民族衣装
フラグ,下着（下）,608;巻布
フラグ,手,406;篭手
フラグ,靴,904;グリーブ

;悪魔解説,,
CSTR,30,アステカ神話の戦神にして太陽神。名は「南の蜂鳥」を意味する。
CSTR,31,創造神オメテオトルの子である四兄弟の一柱で、青のテスカトリポカともされるが
CSTR,32,別の神話では大地母神コワトリクエの息子とされる。

CSTR,34,コワトリクエはある日羽毛の玉の魔力によって「一人で」ウィツロポチトリを妊娠してしまうが
CSTR,35,この妊娠を父に対する不義と考えた彼女の子供たちは母親殺しを企ててしまう。
CSTR,36,それに感づいたウィツロポチトリは母の胎内から完全武装の姿で産まれ出でて
CSTR,37,兄弟たちを逆に八つ裂きにして滅ぼしたという。

CSTR,39,アステカ人の部族神として篤く信仰され、その首都テノチティトラン（現在のメキシコシティー）の守護神でもあり
CSTR,40,現在のメキシコの国旗に描かれているのも、テノチティトランを首都とするよう神託を与えたウィツロポチトリである。
CSTR,41,太陽神であり戦神として、夜の闇を打ち払い世界に朝の光をもたらす存在であるが
CSTR,42,ウィツロポチトリが戦いに負けて朝が来なくなる事を恐れ、生贄として人間の心臓が捧げられたという。
