番号,3241,
名前,Revelation Pesce,
呼び名,Revelation Pesce,
基礎,0,1800
基礎,1,1400
基礎,5,20;HP
基礎,6,20;MP
基礎,ＥＸＰ,15
基礎,ＭＡＧ,50
基礎,￥,8
基礎,10,100
基礎,LV,45
基礎,力,18
基礎,知恵,14
基礎,魔力,15
基礎,耐力,15
基礎,速さ,14
基礎,運,12
基礎,CP,20

素質,処女,

;魚って胸あるの？
素質,貧乳,

素質,好奇心,
素質,素直,
素質,解放,
素質,愚鈍

;魚だから
素質,濡れやすい,
素質,魚,

素質,頭,
素質,目,
素質,口,
素質,尾,

;破魔反射、氷結耐性、電撃弱点、魚っぽいから水撃耐性も付けとく
基礎,剣撃,100
基礎,飛具,100
基礎,打撃,100
基礎,戦技,100
基礎,火炎,100
基礎,氷結,50
基礎,電撃,200
基礎,衝撃,100
基礎,神経,100
基礎,精神,100
基礎,破魔,999
基礎,呪殺,100
基礎,地変,100
基礎,水撃,50
基礎,疾風,100
基礎,重力,100
基礎,核熱,100
基礎,万能,100
基礎,サイコ,100


能力,スキル1,402;ディアラマ
能力,スキル2,213;ブレインシェイク
能力,スキル3,419;リカームドラ

;デフォだけじゃ少なすぎるので適当にスキル追加
能力,スキル4,805;マハ・ブフーラ

能力,習得スキル1,1605;マハ・アクエス
能力,習得LV1,46
能力,習得スキル2,406;メ・ディアラハン
能力,習得LV2,48
能力,習得スキル3,418;サマリカーム
能力,習得LV3,50


能力,種族,32;怪異
能力,会話タイプ,332
フラグ,ＴＳ時会話タイプ,332
フラグ,人化時会話タイプ,332
フラグ,ＴＳ人化時会話タイプ,332
能力,属性LD,3;D
能力,属性LC,2;N

素質,打撃,
素質,氷結,
素質,水撃,
素質,支援,
素質,回復,

能力,攻撃相性,2
能力,最低攻撃回数,1
能力,最大攻撃回数,1
能力,射程,1;射程
能力,攻撃範囲,1

能力,アイテム1,1009;BalmOfLife
能力,入手確率1,3

;水っぽいから
能力,アイテム2,1022;SacredWater
能力,入手確率2,5

CSTR,11,ワタシ
CSTR,12,アナタ
